Model,R2,RMSE,MAE
model_upgraded_v2,0.9126653489755174,5039.790146732541,2843.509333192628
model_upgraded,0.9123951955319363,5047.5789531971905,2832.852335488823
