Model,R2,RMSE,MAE
DL Base Model,0.9112800156312459,5079.604354416003,2882.580075963103
