Model,R2,RMSE,MAE
model_upgraded,0.9127181717568315,5038.265803325975,2830.5961761380477
model_upgraded_v2,0.9127681916857655,5036.821918503728,2864.5255124030623
